clone_url,created_at,stars,releases
https://github.com/kdn251/interviews.git,2017-02-14T18:19:25Z,64025,0
https://github.com/TheAlgorithms/Java.git,2016-07-16T10:21:02Z,61140,0
https://github.com/Stirling-Tools/Stirling-PDF.git,2023-01-27T18:22:42Z,54584,30
https://github.com/eugenp/tutorials.git,2013-04-29T18:26:36Z,37101,0
https://github.com/halo-dev/halo.git,2018-03-21T12:56:52Z,35031,30
https://github.com/xkcoding/spring-boot-demo.git,2017-11-10T06:27:29Z,33514,0
https://github.com/TeamNewPipe/NewPipe.git,2015-09-03T23:39:26Z,33284,30
https://github.com/YunaiV/ruoyi-vue-pro.git,2021-01-24T03:18:25Z,29840,30
https://github.com/wuyouzhuguli/SpringAll.git,2018-05-02T02:48:44Z,28677,0
https://github.com/xuxueli/xxl-job.git,2015-11-28T12:59:34Z,28480,30
https://github.com/crossoverJie/JCSprout.git,2017-12-17T09:06:50Z,27110,0
https://github.com/DrKLO/Telegram.git,2013-10-25T14:08:10Z,25927,30
https://github.com/jenkinsci/jenkins.git,2010-11-22T21:21:23Z,23771,30
https://github.com/Anuken/Mindustry.git,2017-04-30T01:24:29Z,23493,30
https://github.com/ashishps1/awesome-system-design-resources.git,2023-10-25T01:50:42Z,21714,0
https://github.com/openjdk/jdk.git,2018-09-17T12:29:20Z,20653,0
https://github.com/dataease/dataease.git,2021-02-02T04:10:21Z,19673,30
https://github.com/linlinjava/litemall.git,2018-03-22T16:42:30Z,19554,8
https://github.com/LSPosed/LSPosed.git,2020-12-12T08:39:37Z,19510,30
https://github.com/williamfiset/Algorithms.git,2017-03-18T02:50:46Z,17766,0
https://github.com/facebook/fresco.git,2015-03-02T09:58:04Z,17099,30
https://github.com/YunaiV/yudao-cloud.git,2019-05-02T16:06:49Z,16923,20
https://github.com/justauth/JustAuth.git,2019-01-31T09:42:20Z,16812,30
https://github.com/winterbe/java8-tutorial.git,2014-03-16T17:25:43Z,16773,0
https://github.com/shuzheng/zheng.git,2016-10-04T10:07:06Z,16710,0
https://github.com/android-hacker/VirtualXposed.git,2017-12-01T09:00:58Z,15629,30
https://github.com/gyoogle/tech-interview-for-developer.git,2019-06-09T04:42:57Z,15534,0
https://github.com/mockito/mockito.git,2012-10-13T20:27:12Z,15090,30
https://github.com/Konloch/bytecode-viewer.git,2014-10-14T10:26:46Z,14911,30
https://github.com/java-decompiler/jd-gui.git,2015-03-25T05:28:41Z,14382,18
https://github.com/neo4j/neo4j.git,2012-11-12T08:46:15Z,13992,30
https://github.com/theonedev/onedev.git,2018-11-06T02:57:01Z,13786,30
https://github.com/lgvalle/Material-Animations.git,2015-03-08T20:54:00Z,13513,0
https://github.com/sqshq/piggymetrics.git,2015-03-29T17:56:31Z,13424,2
https://github.com/facebook/stetho.git,2015-01-22T22:34:10Z,12695,13
https://github.com/cryptomator/cryptomator.git,2014-02-02T00:43:47Z,12567,30
https://github.com/daimajia/AndroidViewAnimations.git,2014-06-23T03:53:13Z,12452,9
https://github.com/daimajia/AndroidSwipeLayout.git,2014-08-25T04:09:33Z,12400,18
https://github.com/pagehelper/Mybatis-PageHelper.git,2014-06-09T15:32:30Z,12283,14
https://github.com/redis/jedis.git,2010-06-11T13:04:43Z,11998,30
https://github.com/metersphere/metersphere.git,2020-02-03T02:06:12Z,11909,17
https://github.com/Team-xManager/xManager.git,2021-02-08T11:31:10Z,11292,30
https://github.com/newbee-ltd/newbee-mall.git,2019-09-21T03:56:04Z,11267,0
https://github.com/H07000223/FlycoTabLayout.git,2015-11-09T01:53:19Z,11090,4
https://github.com/jhy/jsoup.git,2009-12-19T01:29:58Z,11088,17
https://github.com/alibaba/vlayout.git,2017-02-27T08:11:47Z,10790,30
https://github.com/TooTallNate/Java-WebSocket.git,2010-01-20T23:33:04Z,10625,19
https://github.com/lipangit/JiaoZiVideoPlayer.git,2016-02-06T11:04:24Z,10487,30
https://github.com/beemdevelopment/Aegis.git,2016-08-15T19:10:31Z,9976,30
https://github.com/zfile-dev/zfile.git,2019-08-19T13:57:56Z,9932,30
https://github.com/ssssssss-team/spider-flow.git,2020-03-27T11:07:15Z,9865,2
https://github.com/stanfordnlp/CoreNLP.git,2013-06-27T21:13:49Z,9825,17
https://github.com/liaohuqiu/android-Ultra-Pull-To-Refresh.git,2014-11-13T03:13:10Z,9580,8
https://github.com/MyCATApache/Mycat-Server.git,2014-12-04T02:46:54Z,9547,7
https://github.com/crossoverJie/cim.git,2018-05-20T15:55:56Z,9385,8
https://github.com/xuchengsheng/spring-reading.git,2023-09-15T06:42:44Z,9294,0
https://github.com/ashishps1/awesome-leetcode-resources.git,2023-10-25T01:48:19Z,8982,0
https://github.com/ybq/Android-SpinKit.git,2016-03-20T08:40:51Z,8650,0
https://github.com/react-native-image-picker/react-native-image-picker.git,2015-06-08T20:25:31Z,8527,30
https://github.com/karatelabs/karate.git,2017-02-07T15:59:17Z,8495,30
https://github.com/testcontainers/testcontainers-java.git,2015-04-12T12:44:59Z,8162,30
https://github.com/frohoff/ysoserial.git,2015-01-28T07:13:55Z,8043,1
https://github.com/LSPosed/LSPatch.git,2021-03-01T19:38:36Z,7809,9
https://github.com/software-mansion/react-native-svg.git,2016-01-17T14:29:21Z,7669,30
https://github.com/gedoor/MyBookshelf.git,2018-06-12T03:48:07Z,7593,30
https://github.com/kevin-wayne/algs4.git,2015-08-31T09:28:49Z,7470,0
https://github.com/twowaits/SDE-Interview-Questions.git,2017-10-25T11:08:52Z,7449,1
https://github.com/HMCL-dev/HMCL.git,2015-06-22T08:06:03Z,7379,30
https://github.com/abel533/Mapper.git,2014-11-21T11:02:10Z,7366,8
https://github.com/Bearded-Hen/Android-Bootstrap.git,2013-11-01T15:36:17Z,7277,5
https://github.com/geeeeeeeeek/WeChatLuckyMoney.git,2015-09-30T16:11:20Z,7209,20
https://github.com/Exrick/xmall.git,2017-07-28T01:49:49Z,7203,0
https://github.com/jeecgboot/jimureport.git,2019-12-05T12:25:59Z,6874,25
https://github.com/AntennaPod/AntennaPod.git,2012-07-31T10:25:08Z,6796,30
https://github.com/zo0r/react-native-push-notification.git,2015-12-14T19:53:36Z,6777,30
https://github.com/guardianproject/haven.git,2017-03-01T03:20:03Z,6672,30
https://github.com/ZCShou/GoGoGo.git,2021-12-03T06:59:39Z,6574,7
https://github.com/ximsfei/Android-skin-support.git,2017-01-12T15:03:54Z,6463,0
https://github.com/sshahine/JFoenix.git,2015-09-08T14:04:24Z,6314,0
https://github.com/Col-E/Recaf.git,2017-07-27T06:01:10Z,6303,30
https://github.com/graphql-java/graphql-java.git,2015-07-06T06:52:20Z,6164,30
https://github.com/daimajia/NumberProgressBar.git,2014-05-01T08:54:25Z,6093,3
https://github.com/gephi/gephi.git,2011-10-22T03:14:46Z,6058,19
https://github.com/auth0/java-jwt.git,2014-03-07T15:06:11Z,5995,30
https://github.com/liyifeng1994/ssm.git,2016-06-18T17:58:56Z,5951,0
https://github.com/prolificinteractive/material-calendarview.git,2015-02-09T22:31:56Z,5921,22
https://github.com/dmytrodanylyk/circular-progress-button.git,2014-06-07T12:58:48Z,5768,3
https://github.com/WeiYe-Jing/datax-web.git,2019-11-19T01:09:05Z,5727,5
https://github.com/648540858/wvp-GB28181-pro.git,2020-11-14T14:16:37Z,5721,0
https://github.com/k0shk0sh/FastHub.git,2017-02-18T17:53:16Z,5716,30
https://github.com/jpush/aurora-imui.git,2016-12-13T05:24:01Z,5711,30
https://github.com/FongMi/TV.git,2022-06-22T09:10:23Z,5657,0
https://github.com/crazycodeboy/react-native-splash-screen.git,2016-09-14T10:43:55Z,5640,12
https://github.com/daimajia/AndroidImageSlider.git,2014-06-02T06:04:17Z,5624,5
https://github.com/redis/lettuce.git,2014-05-10T13:08:46Z,5533,30
https://github.com/ElderDrivers/EdXposed.git,2019-01-18T16:18:19Z,5525,27
https://github.com/logisim-evolution/logisim-evolution.git,2014-09-19T05:23:24Z,5524,30
https://github.com/TeamAmaze/AmazeFileManager.git,2014-07-14T19:47:53Z,5502,30
https://github.com/scribejava/scribejava.git,2010-09-05T19:11:40Z,5452,9
https://github.com/meefik/linuxdeploy.git,2012-08-21T04:49:14Z,5413,30
https://github.com/zfdang/Android-Touch-Helper.git,2020-10-16T00:58:41Z,5250,30
https://github.com/coobird/thumbnailator.git,2015-07-25T05:38:33Z,5239,0
https://github.com/CeuiLiSA/Pixiv-Shaft.git,2019-04-01T09:59:09Z,5224,30
https://github.com/ddd-by-examples/library.git,2019-01-11T09:14:03Z,5181,0
https://github.com/citerus/dddsample-core.git,2015-01-31T23:21:37Z,5105,0
https://github.com/00-Evan/shattered-pixel-dungeon.git,2014-07-31T21:56:31Z,5092,30
https://github.com/mik3y/usb-serial-for-android.git,2013-06-30T23:17:45Z,5080,30
https://github.com/PhilippC/keepass2android.git,2017-09-20T18:42:02Z,5075,30
https://github.com/ikarus23/MifareClassicTool.git,2013-02-12T15:39:03Z,5016,8
https://github.com/j-easy/easy-rules.git,2013-03-10T14:38:26Z,5011,10
https://github.com/alibaba/UltraViewPager.git,2017-03-29T13:31:53Z,4997,10
https://github.com/rubenlagus/TelegramBots.git,2016-01-14T00:13:07Z,4986,30
https://github.com/tonikelope/megabasterd.git,2016-09-29T16:54:54Z,4942,30
https://github.com/Exrick/xpay.git,2017-12-12T16:11:19Z,4938,0
https://github.com/GeyserMC/Geyser.git,2019-07-08T17:23:17Z,4933,0
https://github.com/traex/RippleEffect.git,2014-10-14T13:32:51Z,4920,0
https://github.com/react-native-linear-gradient/react-native-linear-gradient.git,2015-03-31T17:44:40Z,4915,18
https://github.com/Ramotion/folding-cell-android.git,2016-04-01T11:38:47Z,4902,0
https://github.com/CellularPrivacy/Android-IMSI-Catcher-Detector.git,2013-11-23T10:04:14Z,4897,30
https://github.com/oshi/oshi.git,2012-02-10T12:46:48Z,4886,30
https://github.com/lugg/react-native-config.git,2016-02-23T00:19:11Z,4876,26
https://github.com/microsoft/typespec.git,2021-06-30T23:29:49Z,4847,30
https://github.com/TheoKanning/openai-java.git,2020-09-15T02:58:52Z,4798,22
https://github.com/jindrapetrik/jpexs-decompiler.git,2014-05-10T17:20:56Z,4783,30
https://github.com/react-native-webrtc/react-native-webrtc.git,2015-09-27T10:57:30Z,4762,30
https://github.com/hneemann/Digital.git,2016-06-28T17:40:16Z,4750,30
https://github.com/Heeexy/SpringBoot-Shiro-Vue.git,2017-11-17T18:49:06Z,4603,0
https://github.com/RedSpider1/concurrent.git,2018-11-03T13:49:36Z,4529,0
https://github.com/nextcloud/android.git,2016-06-06T21:23:36Z,4506,30
https://github.com/JZ-Darkal/AndroidHttpCapture.git,2016-10-15T19:48:00Z,4495,1
https://github.com/dreamhead/moco.git,2012-10-18T09:09:51Z,4392,1
https://github.com/rememberber/WePush.git,2017-06-23T09:03:36Z,4383,30
https://github.com/angryip/ipscan.git,2011-06-28T20:58:48Z,4367,30
https://github.com/aporter/coursera-android.git,2014-01-05T09:55:31Z,4277,0
https://github.com/dragonwell-project/dragonwell8.git,2019-03-07T02:57:45Z,4254,30
https://github.com/ThirtyDegreesRay/OpenHub.git,2017-07-11T13:29:51Z,4252,30
https://github.com/flutter-webrtc/flutter-webrtc.git,2018-03-07T02:26:03Z,4242,30
https://github.com/ChadCSong/ShineButton.git,2016-07-05T06:32:26Z,4220,2
https://github.com/microsoft/malmo.git,2016-05-17T14:58:40Z,4136,21
https://github.com/alibaba/Tangram-Android.git,2017-03-29T13:29:57Z,4114,30
https://github.com/mywalkb/LSPosed_mod.git,2022-03-28T08:05:38Z,4071,10
https://github.com/s4kibs4mi/java-developer-roadmap.git,2019-04-23T06:42:13Z,4071,0
https://github.com/nining377/dolby_beta.git,2020-05-19T12:13:36Z,4070,30
https://github.com/qunarcorp/bistoury.git,2019-08-01T07:54:25Z,4060,8
https://github.com/TGX-Android/Telegram-X.git,2021-08-17T17:09:25Z,4015,4
https://github.com/BoltsFramework/Bolts-Android.git,2014-01-30T04:58:14Z,4012,11
https://github.com/makovkastar/FloatingActionButton.git,2014-07-22T13:29:55Z,4003,0
https://github.com/Piasy/BigImageViewer.git,2016-11-06T09:55:02Z,3986,0
https://github.com/zzhoujay/RichText.git,2015-07-21T09:36:01Z,3941,0
https://github.com/knowm/XChange.git,2012-02-02T10:48:28Z,3936,0
https://github.com/databricks/learning-spark.git,2014-06-16T04:47:54Z,3891,0
https://github.com/Exrick/xboot.git,2018-04-23T14:44:18Z,3862,6
https://github.com/RipMeApp/ripme.git,2017-01-06T17:12:09Z,3822,30
https://github.com/PBH-BTN/PeerBanHelper.git,2024-02-07T14:35:16Z,3806,30
https://github.com/JabRef/jabref.git,2014-03-11T14:48:42Z,3804,30
https://github.com/andOTP/andOTP.git,2017-07-05T11:39:52Z,3756,30
https://github.com/react-native-share/react-native-share.git,2015-09-30T02:27:34Z,3747,30
https://github.com/CameraKit/blurkit-android.git,2016-11-06T03:14:58Z,3745,3
https://github.com/willowtreeapps/spruce-android.git,2017-02-23T20:34:18Z,3720,3
https://github.com/uber/NullAway.git,2017-09-01T17:35:57Z,3712,25
https://github.com/watabou/pixel-dungeon.git,2014-07-26T17:34:32Z,3666,0
https://github.com/lisawray/groupie.git,2016-09-01T20:59:35Z,3665,28
https://github.com/PlexPt/chatgpt-java.git,2022-12-07T04:55:33Z,3631,24
https://github.com/iterate-ch/cyberduck.git,2017-01-20T14:16:34Z,3593,0
https://github.com/lihangleo2/ShadowLayout.git,2019-07-09T07:17:06Z,3568,28
https://github.com/karma9874/AndroRAT.git,2020-03-22T09:31:28Z,3541,0
https://github.com/Querz/mcaselector.git,2018-04-22T22:23:26Z,3533,30
https://github.com/Mojang/brigadier.git,2014-09-15T08:48:24Z,3514,3
https://github.com/baoyongzhang/SwipeMenuListView.git,2014-08-24T15:40:45Z,3506,2
https://github.com/M66B/FairEmail.git,2018-08-02T13:30:25Z,3502,30
https://github.com/jishenghua/jshERP.git,2016-09-20T04:51:39Z,3497,6
https://github.com/ittianyu/BottomNavigationViewEx.git,2016-11-12T08:39:38Z,3475,19
https://github.com/javahuang/SurveyKing.git,2021-09-06T13:34:14Z,3472,3
https://github.com/mbechler/marshalsec.git,2017-05-22T11:43:57Z,3472,0
https://github.com/crossoverJie/SSM.git,2016-06-21T10:09:02Z,3443,10
https://github.com/sherxon/AlgoDS.git,2016-12-16T17:01:22Z,3432,0
https://github.com/cSploit/android.git,2014-10-04T05:53:29Z,3421,30
https://github.com/AsamK/signal-cli.git,2015-05-11T10:49:42Z,3410,30
https://github.com/GitLqr/LQRWeChat.git,2017-02-07T06:32:40Z,3409,0
https://github.com/blossom-editor/blossom.git,2023-08-07T03:02:17Z,3382,17
https://github.com/kevinsawicki/http-request.git,2011-10-21T19:54:58Z,3375,0
https://github.com/rom1v/sndcpy.git,2020-06-09T19:36:57Z,3348,2
https://github.com/cropsly/ffmpeg-android-java.git,2014-09-11T10:12:09Z,3338,8
https://github.com/luojilab/DDComponentForAndroid.git,2017-09-07T05:48:44Z,3332,4
https://github.com/uncle-novel/uncle-novel.git,2018-12-11T12:15:30Z,3319,1
https://github.com/trojan-gfw/igniter.git,2018-11-08T22:19:03Z,3302,30
https://github.com/shekhargulati/99-problems.git,2015-11-22T05:56:33Z,3301,0
https://github.com/Creators-of-Create/Create.git,2019-07-18T08:27:10Z,3296,0
https://github.com/wix/react-native-notifications.git,2016-04-06T13:17:44Z,3277,28
https://github.com/UnevenSoftware/LeafPic.git,2016-01-07T17:24:12Z,3267,7
https://github.com/eleme/UETool.git,2018-05-16T08:13:17Z,3266,10
https://github.com/java-aodeng/hope-boot.git,2018-10-17T07:50:48Z,3260,2
https://github.com/android-notes/Cockroach.git,2017-02-14T03:43:51Z,3254,1
https://github.com/java8/Java8InAction.git,2013-10-28T23:59:40Z,3192,0
https://github.com/evrencoskun/TableView.git,2017-06-13T04:29:44Z,3158,12
https://github.com/amulyakhare/TextDrawable.git,2014-10-19T09:56:45Z,3157,0
https://github.com/airbnb/native-navigation.git,2016-09-16T17:16:56Z,3125,0
https://github.com/yusugomori/DeepLearning.git,2013-01-01T16:23:53Z,3105,0
https://github.com/Neamar/KISS.git,2012-10-02T16:03:43Z,3096,30
https://github.com/JackyAndroid/AndroidTVLauncher.git,2016-03-27T08:59:19Z,3095,3
https://github.com/CrawlScript/WebCollector.git,2014-07-12T03:16:12Z,3075,0
https://github.com/szerhusenBC/jwt-spring-security-demo.git,2016-03-20T19:16:17Z,3071,3
https://github.com/RikkaApps/Sui.git,2021-01-03T08:26:16Z,3069,21
https://github.com/Guardsquare/proguard.git,2019-03-27T16:35:35Z,3062,30
https://github.com/Telegram-FOSS-Team/Telegram-FOSS.git,2014-02-20T10:53:44Z,3050,30
https://github.com/zwwill/yanxuan-weex-demo.git,2017-09-05T11:48:42Z,3032,0
https://github.com/1024-lab/smart-admin.git,2019-11-16T02:30:31Z,3024,14
https://github.com/Haleydu/Cimoc.git,2020-07-09T03:09:02Z,3007,30
https://github.com/dmytrodanylyk/android-process-button.git,2014-05-02T20:39:23Z,3001,1
https://github.com/ukanth/afwall.git,2012-10-27T13:20:30Z,2972,30
https://github.com/lovetuzitong/MultiImageSelector.git,2015-04-08T10:12:50Z,2961,2
https://github.com/ulisesbocchio/jasypt-spring-boot.git,2015-05-27T14:00:55Z,2959,10
https://github.com/Helium314/HeliBoard.git,2022-03-09T08:38:32Z,2952,30
https://github.com/Jzvd/JZVideo.git,2019-12-05T15:59:47Z,2923,15
https://github.com/freeplane/freeplane.git,2012-09-13T08:55:51Z,2920,1
https://github.com/SalomonBrys/ANR-WatchDog.git,2013-07-26T13:29:59Z,2913,1
https://github.com/iwgang/CountdownView.git,2015-10-12T07:46:28Z,2910,3
https://github.com/LuckyZXL2016/Movie_Recommend.git,2018-04-18T15:42:28Z,2904,0
https://github.com/RaiMan/SikuliX1.git,2018-03-07T15:34:13Z,2900,9
https://github.com/jenkinsci/blueocean-plugin.git,2016-01-23T18:02:45Z,2887,30
https://github.com/limboemu/limbo.git,2016-02-13T09:05:37Z,2878,12
https://github.com/williamfiset/DEPRECATED-data-structures.git,2016-06-19T13:14:48Z,2874,0
https://github.com/SpecialCyCi/AndroidResideMenu.git,2013-12-14T15:25:49Z,2844,7
https://github.com/JoanZapata/android-pdfview.git,2012-11-21T16:19:38Z,2842,0
https://github.com/race604/FlyRefresh.git,2015-05-28T10:19:34Z,2826,2
https://github.com/zmxv/react-native-sound.git,2015-10-19T06:22:23Z,2815,15
https://github.com/classgraph/classgraph.git,2014-08-17T20:46:57Z,2812,30
https://github.com/andpor/react-native-sqlite-storage.git,2015-10-30T08:42:28Z,2785,30
https://github.com/JulienGenoud/android-percent-support-lib-sample.git,2015-06-26T12:44:38Z,2781,2
https://github.com/Jackson0714/PassJava-Platform.git,2020-04-05T05:31:47Z,2760,0
https://github.com/Aefyr/SAI.git,2018-12-14T19:22:27Z,2753,30
https://github.com/codedrinker/community.git,2019-04-23T15:11:24Z,2751,0
https://github.com/kabouzeid/Phonograph.git,2015-03-05T15:28:53Z,2739,0
https://github.com/oguzbilgener/CircularFloatingActionMenu.git,2014-07-20T20:42:12Z,2735,0
https://github.com/cucumber/cucumber-jvm.git,2011-06-27T19:49:46Z,2735,26
https://github.com/federicoiosue/Omni-Notes.git,2013-12-11T21:59:18Z,2732,30
https://github.com/RodneyShag/HackerRank_solutions.git,2017-02-04T06:41:49Z,2721,0
https://github.com/jenkinsci/configuration-as-code-plugin.git,2017-10-20T12:43:10Z,2716,30
https://github.com/presmihaylov/booknotes.git,2020-07-19T18:16:26Z,2716,0
https://github.com/emanuele-f/PCAPdroid.git,2020-01-06T18:11:27Z,2714,30
https://github.com/TangoAgency/material-intro-screen.git,2016-09-12T13:16:19Z,2712,4
https://github.com/500px/500px-android-blur.git,2015-03-13T16:05:30Z,2702,0
https://github.com/thombergs/code-examples.git,2017-07-30T14:12:24Z,2681,0
https://github.com/alldatacenter/alldata.git,2019-10-07T07:36:18Z,2668,1
https://github.com/siyamed/android-shape-imageview.git,2014-08-31T22:18:23Z,2663,2
https://github.com/welk1n/JNDI-Injection-Exploit.git,2019-10-10T01:53:49Z,2663,1
https://github.com/Kong/unirest-java.git,2011-04-11T21:19:53Z,2652,30
https://github.com/Todd-Davies/ProgressWheel.git,2012-02-04T18:13:30Z,2643,3
https://github.com/threedr3am/learnjavabug.git,2018-05-04T11:42:14Z,2635,0
https://github.com/vdurmont/emoji-java.git,2014-09-21T16:58:57Z,2633,19
https://github.com/VerbalExpressions/JavaVerbalExpressions.git,2013-07-25T16:15:26Z,2626,9
https://github.com/qii/weiciyuan.git,2012-07-26T14:23:04Z,2620,0
https://github.com/chennaione/sugar.git,2011-08-12T13:44:41Z,2619,6
https://github.com/M66B/NetGuard.git,2015-10-24T17:59:20Z,2616,30
https://github.com/openboard-team/openboard.git,2019-12-31T17:17:45Z,2616,14
https://github.com/esoxjem/MovieGuide.git,2015-12-06T08:40:06Z,2613,0
https://github.com/fossasia/phimpme-android.git,2012-09-07T07:14:54Z,2588,8
https://github.com/xuuhaoo/OkSocket.git,2017-10-12T15:37:38Z,2587,12
https://github.com/liangfeidotme/MasteringAndroidDataBinding.git,2015-06-02T16:36:09Z,2583,0
https://github.com/Ramotion/paper-onboarding-android.git,2016-04-25T09:31:20Z,2556,0
https://github.com/Naccl/NBlog.git,2020-07-18T12:33:00Z,2533,0
https://github.com/MeteorDevelopment/meteor-client.git,2020-11-03T15:33:49Z,2521,0
https://github.com/alibaba/yugong.git,2016-03-02T07:31:00Z,2513,4
https://github.com/xtuhcy/gecco.git,2015-12-12T12:41:00Z,2510,19
https://github.com/AndroidIDEOfficial/AndroidIDE.git,2021-07-20T13:31:14Z,2504,19
https://github.com/SkyTubeTeam/SkyTube.git,2015-11-20T11:48:20Z,2497,30
https://github.com/geekidea/spring-boot-plus.git,2019-06-20T08:06:08Z,2496,10
https://github.com/igreenwood/SimpleCropView.git,2015-07-21T03:15:29Z,2493,16
https://github.com/PeterCxy/Shelter.git,2018-08-20T09:55:06Z,2488,1
https://github.com/yangzongzhuan/RuoYi-Vue.git,2019-11-07T02:18:40Z,2487,16
https://github.com/Antabot/White-Jotter.git,2019-03-09T03:06:40Z,2479,1
https://github.com/Cleveroad/SlidingTutorial-Android.git,2015-10-09T14:10:21Z,2477,0
https://github.com/sharpie7/circuitjs1.git,2015-06-15T02:11:14Z,2473,0
https://github.com/xuchengsheng/wx-dump-4j.git,2024-01-25T16:23:42Z,2471,2
https://github.com/daimajia/AnimationEasingFunctions.git,2014-06-29T07:02:38Z,2471,1
https://github.com/ndroi/easy163.git,2020-05-16T13:49:01Z,2466,23
https://github.com/shatyuka/Zhiliao.git,2020-11-09T07:17:35Z,2458,30
https://github.com/Azure/azure-sdk-for-java.git,2011-12-06T23:33:56Z,2455,30
https://github.com/chrisk44/Hijacker.git,2016-11-25T01:39:07Z,2442,5
https://github.com/HotswapProjects/HotswapAgent.git,2013-11-20T16:15:13Z,2424,16
https://github.com/ozodrukh/CircularReveal.git,2014-11-18T11:59:59Z,2423,17
https://github.com/lbryio/lbry-android.git,2017-08-13T01:04:41Z,2423,30
https://github.com/huanzi-qch/base-admin.git,2019-09-17T07:46:16Z,2422,0
https://github.com/Bukkit/Bukkit.git,2011-01-02T23:47:25Z,2421,0
https://github.com/yeriomin/YalpStore.git,2016-12-11T16:57:14Z,2418,30
https://github.com/UniversalMediaServer/UniversalMediaServer.git,2012-06-07T22:23:22Z,2416,30
https://github.com/bcgit/bc-java.git,2013-06-01T02:38:42Z,2412,0
https://github.com/delight-im/Android-AdvancedWebView.git,2015-01-08T01:33:59Z,2402,0
https://github.com/qos-ch/slf4j.git,2009-08-20T16:25:49Z,2395,1
https://github.com/tlaplus/tlaplus.git,2016-02-02T08:48:27Z,2390,16
https://github.com/alibaba/TProfiler.git,2012-04-17T03:46:16Z,2384,0
https://github.com/proninyaroslav/libretorrent.git,2016-10-18T15:38:44Z,2373,13
https://github.com/Mr-xn/RedTeam_BlueTeam_HW.git,2020-12-07T13:15:49Z,2363,0
https://github.com/Notsfsssf/Pix-EzViewer.git,2019-04-10T04:55:27Z,2361,30
https://github.com/Ramotion/cardslider-android.git,2017-05-04T07:35:28Z,2348,0
https://github.com/openjdk/jmh.git,2019-05-15T06:47:19Z,2344,0
https://github.com/henninghall/react-native-date-picker.git,2018-04-08T18:31:00Z,2341,30
https://github.com/open-keychain/open-keychain.git,2012-03-09T09:10:42Z,2335,0
https://github.com/xingda920813/HelloDaemon.git,2016-08-14T12:11:00Z,2315,0
https://github.com/reneargento/algorithms-sedgewick-wayne.git,2016-11-27T17:54:25Z,2299,0
https://github.com/sarxos/webcam-capture.git,2012-05-25T20:26:28Z,2294,11
https://github.com/zema1/suo5.git,2022-11-22T11:45:26Z,2293,13
https://github.com/H07000223/FlycoDialog_Master.git,2015-08-30T11:10:15Z,2276,3
https://github.com/LSPosed/CorePatch.git,2017-11-17T15:59:44Z,2271,16
https://github.com/skyfishjy/android-ripple-background.git,2014-11-07T03:52:06Z,2260,0
https://github.com/Zhaoss/WeiXinRecordedDemo.git,2017-03-01T03:21:08Z,2255,0
https://github.com/JingYeoh/FragmentRigger.git,2017-11-16T05:38:53Z,2253,0
https://github.com/decaywood/XueQiuSuperSpider.git,2015-11-24T07:08:18Z,2226,0
https://github.com/a466350665/smart-sso.git,2016-07-11T09:06:38Z,2210,1
https://github.com/subhra74/snowflake.git,2019-08-29T18:20:52Z,2199,5
https://github.com/MiPushFramework/MiPushFramework.git,2017-08-24T01:51:43Z,2193,30
https://github.com/avjinder/Minimal-Todo.git,2015-09-07T16:41:11Z,2192,1
https://github.com/dmilicic/Android-Clean-Boilerplate.git,2016-01-26T19:23:41Z,2191,0
https://github.com/toolbox4minecraft/amidst.git,2015-12-30T19:32:21Z,2188,30
https://github.com/fython/MaterialStepperView.git,2017-08-08T03:53:59Z,2185,9
https://github.com/harjot-oberai/MaterialShadows.git,2017-05-28T08:56:30Z,2182,0
https://github.com/Prototik/HoloEverywhere.git,2012-03-05T12:37:20Z,2178,2
https://github.com/FCL-Team/FoldCraftLauncher.git,2022-10-19T10:12:18Z,2172,30
https://github.com/gjiazhe/PanoramaImageView.git,2016-12-21T03:06:25Z,2167,0
https://github.com/Etar-Group/Etar-Calendar.git,2015-09-04T07:33:25Z,2166,30
https://github.com/julian-klode/dns66.git,2016-10-15T15:27:17Z,2166,29
https://github.com/SummerSec/ShiroAttack2.git,2021-06-13T03:44:13Z,2165,12
https://github.com/iiordanov/remote-desktop-clients.git,2012-02-26T19:22:07Z,2160,30
https://github.com/niorgai/StatusBarCompat.git,2016-03-21T03:06:13Z,2160,15
https://github.com/xubinux/xbin-store.git,2017-02-26T04:19:53Z,2146,0
https://github.com/leibnitz27/cfr.git,2014-05-12T16:39:42Z,2138,29
https://github.com/PurpurMC/Purpur.git,2019-04-30T16:59:51Z,2132,0
https://github.com/QuantumBadger/RedReader.git,2013-04-04T14:00:14Z,2122,30
https://github.com/thoughtbot/expandable-recycler-view.git,2016-07-22T23:32:30Z,2121,0
https://github.com/corretto/corretto-8.git,2018-11-07T19:49:10Z,2117,30
https://github.com/zcweng/ToggleButton.git,2014-08-31T14:26:05Z,2114,0
https://github.com/FormidableLabs/react-native-app-auth.git,2017-11-13T17:59:31Z,2111,30
https://github.com/TrackerControl/tracker-control-android.git,2019-11-10T17:33:18Z,2102,30
https://github.com/techa03/goodsKill.git,2016-12-10T05:40:34Z,2098,2
https://github.com/jonashackt/spring-boot-vuejs.git,2017-09-11T09:42:52Z,2097,0
https://github.com/M66B/XPrivacy.git,2013-05-26T14:08:37Z,2088,30
https://github.com/BlueMap-Minecraft/BlueMap.git,2019-11-02T16:25:07Z,2088,30
https://github.com/Ramotion/android-ui-animation-components-and-libraries.git,2018-04-02T13:24:36Z,2072,0
https://github.com/LuckPerms/LuckPerms.git,2016-05-22T00:49:12Z,2068,0
https://github.com/Julow/Unexpected-Keyboard.git,2015-07-31T21:59:15Z,2066,30
https://github.com/fossasia/open-event-droidgen.git,2015-05-08T09:04:11Z,2065,12
https://github.com/baoyongzhang/android-PullRefreshLayout.git,2014-11-01T09:50:10Z,2063,0
https://github.com/polymorphicshade/Tubular.git,2024-01-21T02:58:23Z,2058,9
https://github.com/Qihoo360/Quicksql.git,2019-01-04T10:06:25Z,2057,2
https://github.com/API-Security/APIKit.git,2021-11-24T05:55:47Z,2049,8
https://github.com/iSafeBlue/TrackRay.git,2018-10-29T12:13:23Z,2046,4
https://github.com/magefree/mage.git,2012-04-27T13:18:34Z,2044,30
https://github.com/yuzhiqiang1993/zxing.git,2017-07-20T07:44:55Z,2040,24
https://github.com/f-droid/fdroidclient.git,2014-07-23T17:46:02Z,2033,1
https://github.com/JorenSix/TarsosDSP.git,2011-03-25T15:34:28Z,2032,0
https://github.com/EssentialsX/Essentials.git,2015-04-15T01:20:08Z,2029,21
https://github.com/siavash79/PixelXpert.git,2022-02-20T12:02:35Z,2027,30
https://github.com/yale8848/CacheWebView.git,2017-09-26T03:42:51Z,2015,0
https://github.com/airsonic/airsonic.git,2017-07-04T17:58:56Z,2011,26
https://github.com/Baeldung/spring-security-oauth.git,2016-03-02T09:04:07Z,2009,0
https://github.com/Ramotion/expanding-collection-android.git,2016-10-06T13:30:26Z,2009,0
https://github.com/nkzawa/socket.io-android-chat.git,2015-01-10T19:13:13Z,2003,0
https://github.com/kaaass/ZerotierFix.git,2021-04-06T15:07:30Z,1992,14
https://github.com/winder/Universal-G-Code-Sender.git,2012-06-26T22:30:07Z,1983,30
https://github.com/willowtreeapps/Hyperion-Android.git,2017-05-26T18:14:51Z,1974,10
https://github.com/MewX/light-novel-library_Wenku8_Android.git,2014-10-10T05:07:14Z,1972,27
https://github.com/konmik/nucleus.git,2014-11-26T18:45:44Z,1968,0
https://github.com/boycy815/PinchImageView.git,2015-06-04T03:31:52Z,1967,0
https://github.com/c0ny1/chunked-coding-converter.git,2019-03-14T23:45:20Z,1964,5
https://github.com/shzlw/poli.git,2018-11-27T03:56:44Z,1963,14
https://github.com/dkrivoruchko/ScreenStream.git,2016-07-18T08:07:33Z,1962,30
https://github.com/weixiansen574/HybridFileXfer.git,2024-03-26T09:50:45Z,1961,9
https://github.com/risesoft-y9/Digital-Infrastructure.git,2023-06-26T03:13:33Z,1959,5
https://github.com/xuxueli/xxl-sso.git,2018-03-22T14:28:04Z,1952,2
https://github.com/valarchie/AgileBoot-Back-End.git,2022-10-08T05:30:57Z,1945,0
https://github.com/developersu/ns-usbloader.git,2019-02-10T01:57:09Z,1944,30
https://github.com/phonegap/phonegap-plugin-push.git,2015-04-06T17:13:51Z,1943,0
https://github.com/Yalantis/StarWars.Android.git,2015-12-14T08:50:11Z,1940,0
https://github.com/0Chencc/CTFCrackTools.git,2016-08-26T08:19:35Z,1938,23
https://github.com/Nekogram/Nekogram.git,2023-09-10T07:07:51Z,1924,30
https://github.com/MineDojo/MineDojo.git,2022-06-18T15:44:27Z,1913,2
https://github.com/totond/TextPathView.git,2018-01-10T10:36:47Z,1912,0
https://github.com/peng-zhihui/DeepVision.git,2020-07-27T11:10:17Z,1907,0
https://github.com/openjdk/loom.git,2019-04-18T06:05:24Z,1904,0
https://github.com/zalando/logbook.git,2015-09-14T15:29:12Z,1903,30
https://github.com/tabulapdf/tabula-java.git,2014-05-22T03:11:57Z,1903,10
https://github.com/metasfresh/metasfresh.git,2015-10-06T15:38:11Z,1901,30
https://github.com/Cleveroad/AdaptiveTableLayout.git,2017-02-21T09:56:26Z,1899,0
https://github.com/spring2go/staffjoy.git,2019-07-03T15:07:24Z,1896,0
https://github.com/fyhertz/spydroid-ipcamera.git,2013-01-25T04:48:30Z,1896,0
https://github.com/friendlyrobotnyc/TinyDancer.git,2015-09-11T01:27:25Z,1895,2
https://github.com/Ramotion/circle-menu-android.git,2017-09-20T08:31:50Z,1887,0
https://github.com/jiayaoO3O/18-comic-finder.git,2021-02-16T06:38:42Z,1882,12
https://github.com/react-native-community/react-native-template-typescript.git,2018-03-05T19:15:51Z,1878,30
https://github.com/selenide/selenide.git,2012-02-07T11:44:33Z,1867,30
https://github.com/PaperMC/Velocity.git,2018-07-24T00:51:53Z,1858,0
https://github.com/felHR85/UsbSerial.git,2014-03-20T11:23:57Z,1855,30
https://github.com/loda-kun/spring-boot-learning.git,2019-04-28T06:07:26Z,1846,0
https://github.com/alibaba/testable-mock.git,2020-11-10T03:06:47Z,1840,0
https://github.com/felipecsl/AsymmetricGridView.git,2014-04-08T19:25:37Z,1838,0
https://github.com/RichardWarburton/java-8-lambdas-exercises.git,2014-02-09T23:40:54Z,1836,0
https://github.com/primefaces/primefaces.git,2015-04-11T09:48:53Z,1835,30
https://github.com/oliexdev/openScale.git,2014-12-13T08:36:53Z,1834,30
https://github.com/pen4uin/java-memshell-generator.git,2023-06-03T19:49:29Z,1833,9
https://github.com/Ramotion/garland-view-android.git,2017-08-11T15:28:38Z,1832,0
https://github.com/jchambers/pushy.git,2013-08-02T19:38:31Z,1829,30
https://github.com/signalapp/libsignal-protocol-java.git,2014-12-08T23:57:36Z,1828,0
https://github.com/suceser/android-interview-guide.git,2018-03-17T00:47:32Z,1826,0
https://github.com/Automattic/simplenote-android.git,2012-09-26T06:34:04Z,1826,30
https://github.com/in28minutes/spring-microservices.git,2017-09-07T13:24:37Z,1825,0
https://github.com/zhp8341/flink-streaming-platform-web.git,2020-10-15T14:26:20Z,1825,24
https://github.com/guyijie1211/JustLive-Android.git,2021-08-16T15:19:54Z,1817,18
https://github.com/hellokaton/wechat-api.git,2014-11-06T05:41:04Z,1814,3
https://github.com/limpoxe/Android-Plugin-Framework.git,2015-05-04T06:48:47Z,1811,2
https://github.com/mastodon/mastodon-android.git,2022-01-14T10:44:03Z,1805,30
https://github.com/radian-software/TerrariaClone.git,2016-10-15T16:58:14Z,1805,0
https://github.com/ElderDrivers/EdXposedManager.git,2019-10-28T10:18:26Z,1801,11
https://github.com/x0b/rcx.git,2018-05-20T10:41:17Z,1798,23
https://github.com/jcoleman/tomcat-redis-session-manager.git,2011-08-04T19:25:11Z,1797,0
https://github.com/Cleveroad/WaveInApp.git,2016-02-10T13:44:54Z,1796,0
https://github.com/kaikramer/keystore-explorer.git,2015-11-19T23:50:35Z,1791,19
https://github.com/airsquared/blobsaver.git,2018-06-11T01:20:00Z,1790,30
https://github.com/plantuml/plantuml-server.git,2011-01-28T22:07:53Z,1788,30
https://github.com/kilim/kilim.git,2010-04-09T12:02:18Z,1787,0
https://github.com/Q42/AndroidScrollingImageView.git,2015-08-04T14:31:14Z,1781,8
https://github.com/Haptic-Apps/Slide.git,2015-10-01T23:21:26Z,1780,25
https://github.com/openpnp/openpnp.git,2013-01-25T06:52:14Z,1780,3
https://github.com/dmytrodanylyk/shadow-layout.git,2015-03-09T19:48:01Z,1779,0
https://github.com/gnembon/fabric-carpet.git,2019-05-10T02:54:10Z,1777,30
https://github.com/Java-aid/Hackerrank-Solutions.git,2017-11-30T09:55:41Z,1771,0
https://github.com/dromara/forest.git,2017-04-21T10:53:29Z,1771,15
https://github.com/qaiu/netdisk-fast-download.git,2023-04-20T09:41:34Z,1770,8
https://github.com/krlvm/PowerTunnel-Android.git,2020-03-07T22:16:21Z,1766,30
https://github.com/NeoApplications/Neo-Launcher.git,2020-06-30T01:32:31Z,1761,14
https://github.com/validator/validator.git,2010-12-03T02:00:23Z,1760,28
https://github.com/uccmawei/FingerprintIdentify.git,2017-02-10T06:47:13Z,1742,1
https://github.com/bigintpro/csdn_downloader.git,2022-07-06T01:00:38Z,1738,0
https://github.com/IzzelAliz/Arclight.git,2020-05-09T09:57:47Z,1735,30
https://github.com/janheinrichmerker/material-intro.git,2016-02-18T21:20:47Z,1733,19
https://github.com/NextAlone/Nagram.git,2022-01-21T15:47:24Z,1733,30
https://github.com/newbiechen1024/NovelReader.git,2017-05-25T08:58:14Z,1732,0
https://github.com/evollu/react-native-fcm.git,2016-05-29T03:53:22Z,1728,30
https://github.com/DSheirer/sdrtrunk.git,2015-08-25T00:47:18Z,1725,30
https://github.com/MyCATApache/Mycat2.git,2017-08-04T06:58:32Z,1714,30
https://github.com/FreeTymeKiyan/LeetCode-Sol-Res.git,2015-01-11T16:29:55Z,1714,0
https://github.com/fossasia/neurolab-android.git,2017-11-24T10:32:32Z,1712,1
https://github.com/nashtech-garage/yas.git,2022-01-18T02:29:43Z,1709,23
https://github.com/Cybereason/Logout4Shell.git,2021-12-10T22:38:53Z,1708,0
https://github.com/TEAMMATES/teammates.git,2014-05-02T07:43:00Z,1706,30
https://github.com/dodola/HotFix.git,2015-11-03T19:22:22Z,1702,0
https://github.com/jmxtrans/jmxtrans.git,2011-12-07T17:24:36Z,1701,0
https://github.com/Gedsh/InviZible.git,2019-07-31T21:22:01Z,1701,30
https://github.com/bit4woo/knife.git,2018-06-12T14:25:18Z,1700,23
https://github.com/federicodotta/Brida.git,2017-07-28T16:07:31Z,1692,8
https://github.com/qyxxjd/MultipleStatusView.git,2016-01-17T06:48:05Z,1686,5
https://github.com/BiglySoftware/BiglyBT.git,2017-07-20T20:40:00Z,1682,30
https://github.com/luizgrp/SectionedRecyclerViewAdapter.git,2016-02-07T19:27:52Z,1680,6
https://github.com/morenoh149/react-native-contacts.git,2015-10-16T06:35:30Z,1664,30
https://github.com/misakuo/3dTagCloudAndroid.git,2016-01-20T01:49:18Z,1662,6
https://github.com/Baeldung/spring-security-registration.git,2016-03-02T09:10:48Z,1660,0
https://github.com/wgpsec/fofa_viewer.git,2021-04-14T05:16:06Z,1659,27
https://github.com/ocetnik/react-native-background-timer.git,2016-05-10T19:42:56Z,1643,0
https://github.com/traex/ExpandableLayout.git,2014-09-15T19:59:54Z,1636,0
https://github.com/jwpttcg66/NettyGameServer.git,2017-02-08T02:17:21Z,1636,5
https://github.com/bamlab/react-native-image-resizer.git,2015-11-30T10:23:11Z,1631,30
https://github.com/500px/greedo-layout-for-android.git,2016-02-05T20:57:07Z,1631,5
https://github.com/mancj/SlideUp-Android.git,2016-12-21T17:58:39Z,1630,12
https://github.com/ssssssss-team/magic-api.git,2020-05-05T02:12:41Z,1629,30
https://github.com/Agontuk/react-native-geolocation-service.git,2018-01-11T06:42:18Z,1628,0
https://github.com/j-easy/easy-random.git,2013-05-18T16:43:32Z,1625,17
https://github.com/ApplikeySolutions/CosmoCalendar.git,2017-09-04T09:32:58Z,1623,0
https://github.com/daimajia/AnimeTaste.git,2013-09-18T13:55:47Z,1619,5
https://github.com/majidgolshadi/Android-Download-Manager-Pro.git,2015-07-08T20:36:38Z,1617,0
https://github.com/KeenSecurityLab/BinAbsInspector.git,2022-03-26T03:13:33Z,1609,1
https://github.com/wsk1103/Used-Trading-Platform.git,2017-05-10T01:46:07Z,1601,0
https://github.com/omadahealth/LolliPin.git,2015-01-12T22:58:28Z,1601,0
https://github.com/ddssingsong/webrtc_android.git,2019-01-02T02:53:48Z,1598,6
https://github.com/Pugmatt/BedrockConnect.git,2019-05-31T06:37:28Z,1598,30
https://github.com/Arello-Mobile/Moxy.git,2016-02-12T08:35:25Z,1598,22
https://github.com/PAGalaxyLab/YAHFA.git,2017-03-30T06:45:05Z,1596,2
https://github.com/harjot-oberai/VectorMaster.git,2017-06-20T04:07:03Z,1595,0
https://github.com/ron190/jsql-injection.git,2012-07-18T18:07:09Z,1591,30
https://github.com/liangfeidotme/AndroidRubberIndicator.git,2015-06-25T17:13:22Z,1590,0
https://github.com/w2016561536/android_virtual_cam.git,2021-08-13T05:44:08Z,1587,30
https://github.com/mdgspace/RotatingText.git,2017-05-01T18:02:29Z,1586,0
https://github.com/chthai64/SwipeRevealLayout.git,2016-04-12T19:28:34Z,1581,7
https://github.com/shekhargulati/java8-the-missing-tutorial.git,2015-11-17T18:26:41Z,1580,0
https://github.com/aimacode/aima-java.git,2015-03-12T21:25:57Z,1579,3
https://github.com/sqlancer/sqlancer.git,2020-04-03T06:27:00Z,1578,4
https://github.com/pagehelper/pagehelper-spring-boot.git,2017-01-01T15:04:19Z,1577,6
https://github.com/monkeyWie/proxyee.git,2017-09-04T01:50:06Z,1574,30
https://github.com/gowong/material-sheet-fab.git,2015-07-15T01:16:16Z,1571,0
https://github.com/dodola/RocooFix.git,2016-05-25T11:58:00Z,1568,0
https://github.com/Piasy/RxAndroidAudio.git,2016-02-23T08:01:58Z,1567,0
https://github.com/murraco/spring-boot-jwt.git,2017-10-12T02:28:48Z,1567,0
https://github.com/LeonardoZ/java-concurrency-patterns.git,2018-01-10T12:13:22Z,1565,0
https://github.com/d3vilbug/HackBar.git,2018-09-02T16:04:20Z,1563,4
https://github.com/fr3ts0n/AndrOBD.git,2015-05-23T13:27:35Z,1562,30
https://github.com/qi4L/JYso.git,2022-07-04T02:52:14Z,1561,4
https://github.com/GIScience/openrouteservice.git,2017-09-11T15:49:01Z,1559,30
https://github.com/bk138/droidVNC-NG.git,2020-11-26T13:33:06Z,1557,30
https://github.com/badoo/android-weak-handler.git,2014-08-27T13:43:45Z,1546,4
https://github.com/transistorsoft/react-native-background-fetch.git,2016-08-01T18:44:54Z,1543,0
https://github.com/SpongePowered/Mixin.git,2014-12-04T03:57:51Z,1537,5
https://github.com/limedroid/XDroidMvp.git,2016-12-23T03:55:39Z,1532,7
https://github.com/jplag/JPlag.git,2015-03-21T20:06:19Z,1532,12
https://github.com/wupeixuan/JDKSourceCode1.8.git,2018-03-11T12:29:14Z,1530,0
https://github.com/dodola/MetaballLoading.git,2015-08-03T07:28:26Z,1528,0
https://github.com/dmytrodanylyk/folding-plugin.git,2015-07-16T19:03:44Z,1527,3
https://github.com/crossbario/autobahn-java.git,2011-09-21T15:15:24Z,1526,7
https://github.com/nispok/snackbar.git,2014-08-18T22:23:00Z,1525,30
https://github.com/meefik/busybox.git,2015-10-04T19:37:26Z,1524,13
https://github.com/SundeepK/CompactCalendarView.git,2015-05-17T17:19:25Z,1523,0
https://github.com/jrvansuita/MaterialAbout.git,2017-02-12T16:41:05Z,1523,29
https://github.com/cjbi/admin3.git,2017-10-30T05:25:50Z,1520,0
https://github.com/json-iterator/java.git,2016-12-05T12:15:21Z,1516,4
https://github.com/jbangdev/jbang.git,2019-12-24T22:52:02Z,1512,30
https://github.com/ReactVision/viro.git,2020-11-27T00:40:37Z,1511,20
https://github.com/Avocarrot/json2view.git,2014-12-16T09:44:09Z,1510,1
https://github.com/netgloo/spring-boot-samples.git,2014-05-22T19:05:50Z,1508,0
https://github.com/JetBrains/JetBrainsRuntime.git,2018-09-05T19:02:09Z,1498,30
https://github.com/whwlsfb/BurpCrypto.git,2020-05-29T02:59:15Z,1494,17
https://github.com/dkim0419/SoundRecorder.git,2014-12-24T23:43:30Z,1493,3
https://github.com/HummerRisk/HummerRisk.git,2022-06-03T02:49:22Z,1486,28
https://github.com/badoualy/stepper-indicator.git,2016-06-13T05:39:50Z,1482,7
https://github.com/traex/CalendarListview.git,2014-09-10T15:11:59Z,1478,0
https://github.com/TeamNewPipe/NewPipeExtractor.git,2017-03-01T17:50:17Z,1477,30
https://github.com/alfio-event/alf.io.git,2014-07-26T10:12:57Z,1471,30
https://github.com/NightscoutFoundation/xDrip.git,2016-09-23T13:33:17Z,1471,30
https://github.com/the3deer/android-3D-model-viewer.git,2013-10-17T20:03:02Z,1463,12
https://github.com/alibaba/Virtualview-Android.git,2017-12-05T03:25:05Z,1459,29
https://github.com/moagrius/TileView.git,2013-08-05T20:13:30Z,1458,29
https://github.com/revtel/react-native-nfc-manager.git,2017-06-17T00:05:59Z,1456,30
https://github.com/vekexasia/android-edittext-validator.git,2012-05-24T19:02:41Z,1452,3
https://github.com/AutohomeCorp/frostmourne.git,2019-12-16T03:22:03Z,1448,11
https://github.com/anvil-ui/anvil.git,2015-01-15T10:55:34Z,1444,0
https://github.com/CappielloAntonio/tempo.git,2021-07-25T08:20:35Z,1442,21
https://github.com/jenkinsci/gitlab-plugin.git,2014-05-20T16:50:12Z,1438,30
https://github.com/mekanism/Mekanism.git,2012-08-15T20:41:13Z,1437,30
https://github.com/wh1t3p1g/tabby.git,2020-10-09T11:53:44Z,1425,11
https://github.com/MSPaintIDE/MSPaintIDE.git,2017-12-09T17:48:27Z,1419,9
https://github.com/iTXTech/Daedalus.git,2017-04-03T14:03:13Z,1417,21
https://github.com/jar-analyzer/jar-analyzer.git,2023-10-07T15:42:35Z,1413,30
https://github.com/whitechi73/OpenShamrock.git,2023-10-25T13:14:31Z,1409,7
https://github.com/MohistMC/Mohist.git,2019-08-25T08:36:48Z,1407,1
https://github.com/ShamylZakariya/StickyHeaders.git,2016-04-16T22:20:07Z,1406,12
https://github.com/hehonghui/Colorful.git,2015-09-09T12:09:10Z,1406,0
https://github.com/sleekbyte/tailor.git,2015-05-25T02:11:10Z,1403,19
https://github.com/vmware-archive/differential-datalog.git,2018-03-20T20:14:11Z,1402,30
https://github.com/PlusHaze/TrayNotification.git,2015-07-05T22:30:41Z,1402,0
https://github.com/yangzongzhuan/RuoYi-Cloud.git,2020-05-25T04:04:33Z,1395,13
https://github.com/Zealon159/light-reading-cloud.git,2019-02-26T08:43:00Z,1388,2
https://github.com/triplea-game/triplea.git,2015-07-27T09:32:58Z,1387,30
https://github.com/rememberber/MooTool.git,2019-10-14T07:35:58Z,1385,30
https://github.com/x-falcon/Virtual-Hosts.git,2017-04-24T03:54:49Z,1384,18
https://github.com/newbee-ltd/newbee-mall-api.git,2020-05-25T16:01:09Z,1381,0
https://github.com/roncoo/roncoo-education.git,2018-12-18T07:09:18Z,1378,0
https://github.com/OpnTec/open-event-android.git,2017-11-24T10:03:38Z,1377,0
https://github.com/michalchudziak/react-native-geolocation.git,2019-03-29T16:41:44Z,1372,21
https://github.com/OWASP/SecurityShepherd.git,2013-11-09T15:57:16Z,1371,4
https://github.com/williamyyu/SimpleRatingBar.git,2017-05-09T02:50:40Z,1367,18
https://github.com/erickok/transdroid.git,2013-06-28T12:11:20Z,1365,30
https://github.com/methusalah/OpenRTS.git,2014-08-11T08:20:35Z,1364,0
https://github.com/gothinkster/spring-boot-realworld-example-app.git,2017-08-28T17:43:55Z,1353,0
https://github.com/android-notes/SwissArmyKnife.git,2016-11-30T10:14:50Z,1352,11
https://github.com/ddd-by-examples/factory.git,2017-12-04T07:53:57Z,1351,0
https://github.com/proyecto26/react-native-inappbrowser.git,2018-09-07T06:39:07Z,1350,20
https://github.com/freerouting/freerouting.git,2014-06-28T17:00:48Z,1347,14
https://github.com/sleeyax/burp-awesome-tls.git,2022-01-24T00:30:26Z,1346,24
https://github.com/shekhargulati/strman-java.git,2016-05-03T14:32:20Z,1343,0
https://github.com/hantsy/spring-reactive-sample.git,2017-07-24T15:10:55Z,1342,1
https://github.com/HackPlan/AndroidCharts.git,2013-11-15T10:15:22Z,1335,1
https://github.com/superhj1987/pragmatic-java-engineer.git,2017-08-04T05:32:06Z,1334,0
https://github.com/xenv/gushici.git,2018-08-05T13:11:09Z,1333,1
https://github.com/MegatronKing/NetBare-Android.git,2018-12-22T14:26:46Z,1331,0
https://github.com/waynell/VideoListPlayer.git,2016-03-18T10:49:00Z,1330,5
https://github.com/fkzhang/WechatUnrecalled.git,2016-01-23T09:21:50Z,1326,26
https://github.com/jakob-grabner/Circle-Progress-View.git,2015-02-13T07:42:49Z,1323,15
https://github.com/nandorojo/burnt.git,2022-11-16T19:03:13Z,1322,11
https://github.com/WebJournal/journaldev.git,2016-05-02T05:43:21Z,1321,0
https://github.com/Instagram/ig-json-parser.git,2014-06-11T19:01:43Z,1319,0
https://github.com/kaz-Anova/StackNet.git,2017-03-12T23:43:23Z,1318,0
https://github.com/maks/MGit.git,2016-10-14T02:54:01Z,1318,23
https://github.com/psi-probe/psi-probe.git,2015-03-16T15:15:01Z,1317,30
https://github.com/vmihalachi/turbo-editor.git,2013-09-14T11:42:42Z,1317,9
https://github.com/project-travel-mate/Travel-Mate.git,2016-01-30T13:42:30Z,1315,4
https://github.com/JannsenYang/dingdong-helper.git,2022-04-09T12:34:29Z,1312,0
https://github.com/ViaVersion/ViaVersion.git,2016-02-28T22:39:27Z,1309,30
https://github.com/mircokroon/minecraft-world-downloader.git,2019-05-09T06:23:41Z,1309,30
https://github.com/dromara/RuoYi-Vue-Plus.git,2021-06-23T06:32:20Z,1309,26
https://github.com/RyanFehr/HackerRank.git,2016-09-11T01:23:55Z,1308,0
https://github.com/krlvm/PowerTunnel.git,2019-10-25T21:08:09Z,1308,30
https://github.com/dineshshetty/Android-InsecureBankv2.git,2014-09-01T05:07:04Z,1305,4
https://github.com/a-schild/jave2.git,2013-03-04T08:50:30Z,1304,26
https://github.com/niniloveyou/StateButton.git,2016-11-07T16:11:44Z,1302,1
https://github.com/dkzwm/SmoothRefreshLayout.git,2017-05-31T09:27:16Z,1300,0
https://github.com/limedroid/XDroid.git,2016-11-27T05:38:20Z,1299,1
https://github.com/simplepeng/SpiderMan.git,2018-04-21T05:01:51Z,1297,9
https://github.com/MultiPaper/MultiPaper.git,2021-01-17T04:36:02Z,1292,16
https://github.com/DantSu/ESCPOS-ThermalPrinter-Android.git,2020-04-07T06:42:00Z,1291,21
https://github.com/AOF-Dev/MCinaBox.git,2020-01-31T04:19:07Z,1289,9
https://github.com/menacher/java-game-server.git,2012-02-04T09:25:16Z,1282,0
https://github.com/SlimeKnights/TinkersConstruct.git,2013-01-22T20:46:32Z,1280,30
https://github.com/senzhk/ADBKeyBoard.git,2013-09-06T11:35:11Z,1279,0
https://github.com/wuapnjie/StickerView.git,2016-08-09T09:17:54Z,1277,0
https://github.com/developer-shivam/Crescento.git,2016-11-17T12:08:14Z,1275,0
https://github.com/tough1985/RxjavaRetrofitDemo.git,2016-03-09T08:57:41Z,1265,0
https://github.com/gjiazhe/WaveSideBar.git,2016-08-23T14:34:42Z,1264,0
https://github.com/diwi/PixelFlow.git,2016-09-06T00:43:03Z,1261,22
https://github.com/getmoneynote/moneynote-api.git,2023-05-31T05:33:20Z,1259,0
https://github.com/Yanyutin753/PandoraNext-TokensTool.git,2023-11-17T11:37:37Z,1257,25
https://github.com/RikkaApps/Shizuku-API.git,2021-01-12T05:57:54Z,1257,2
https://github.com/CloudburstMC/Nukkit.git,2017-12-04T19:55:58Z,1256,1
https://github.com/warmuuh/milkman.git,2019-03-27T13:42:47Z,1256,30
https://github.com/yuqirong/CardSwipeLayout.git,2017-03-02T07:35:56Z,1256,0
https://github.com/PureWriter/desktop.git,2019-09-15T06:13:25Z,1254,13
https://github.com/microsoft/gctoolkit.git,2021-07-20T22:44:17Z,1254,19
https://github.com/jvm-profiling-tools/honest-profiler.git,2014-02-17T21:02:44Z,1252,0
https://github.com/todotxt/todo.txt-android.git,2010-05-13T21:21:50Z,1248,0
https://github.com/jsquared21/Intro-to-Java-Programming.git,2015-05-31T23:05:33Z,1247,0
https://github.com/devunwired/recyclerview-playground.git,2014-08-25T04:32:09Z,1246,0
https://github.com/pingpongboss/StandOut.git,2012-05-31T21:57:02Z,1240,0
https://github.com/Swati4star/Images-to-PDF.git,2016-02-22T10:00:46Z,1240,26
https://github.com/paulpacifico/shutter-encoder.git,2020-05-08T17:12:35Z,1240,30
https://github.com/4refr0nt/ESPlorer.git,2014-12-29T17:14:49Z,1236,1
https://github.com/harjot-oberai/Croller.git,2016-07-30T20:01:56Z,1235,1
https://github.com/kkangert/kspider.git,2024-07-07T13:51:46Z,1234,5
https://github.com/patric-r/jvmtop.git,2015-07-14T12:58:49Z,1230,1
https://github.com/syvaidya/openstego.git,2015-05-29T13:34:47Z,1230,24
https://github.com/Seogeurim/CS-study.git,2020-12-30T05:25:24Z,1227,0
https://github.com/projectdiscovery/nuclei-burp-plugin.git,2022-01-17T10:31:33Z,1226,6
https://github.com/libxzr/KonaBess.git,2021-01-11T05:20:41Z,1226,17
https://github.com/akto-api-security/akto.git,2023-01-31T09:07:07Z,1226,30
https://github.com/devgianlu/Aria2App.git,2018-09-27T16:52:52Z,1225,30
https://github.com/vanilla-music/vanilla.git,2012-09-22T17:04:41Z,1225,0
https://github.com/ma1co/OpenMemories-Tweak.git,2016-04-22T16:59:44Z,1224,11
https://github.com/Zo3i/frpMgr.git,2019-02-23T10:50:30Z,1223,0
https://github.com/mpatric/mp3agic.git,2010-10-06T15:59:00Z,1221,0
https://github.com/Card-Forge/forge.git,2022-04-10T02:09:17Z,1221,16
https://github.com/asyl/ArcAnimator.git,2015-02-26T16:06:44Z,1215,1
https://github.com/Mojang/DataFixerUpper.git,2018-06-28T11:18:13Z,1214,2
https://github.com/javiersantos/MLManager.git,2015-05-21T11:30:17Z,1211,13
https://github.com/deltachat/deltachat-android.git,2016-07-03T07:32:36Z,1208,17
https://github.com/cinit/TMoe.git,2022-01-16T08:46:55Z,1206,0
https://github.com/rampatra/jbot.git,2016-06-05T16:54:31Z,1201,9
https://github.com/thest1/LazyList.git,2011-05-29T05:52:37Z,1195,0
https://github.com/GrimAnticheat/Grim.git,2021-02-22T02:03:30Z,1193,0
https://github.com/influxdata/influxdb-java.git,2014-04-30T18:56:32Z,1191,2
https://github.com/guang19/framework-learning.git,2019-12-24T06:42:01Z,1185,0
https://github.com/zalando/intellij-swagger.git,2016-05-11T05:21:18Z,1184,30
https://github.com/eoecn/android-app.git,2013-01-26T03:21:23Z,1183,0
https://github.com/hub4j/github-api.git,2010-04-19T04:13:03Z,1179,30
https://github.com/jzyong/game-server.git,2017-08-16T08:09:16Z,1177,2
https://github.com/Pkmmte/CircularImageView.git,2014-07-10T04:21:48Z,1176,0
https://github.com/vojtechhabarta/typescript-generator.git,2014-11-03T15:49:48Z,1172,30
https://github.com/alexxiyang/shiro-redis.git,2013-06-10T11:51:25Z,1171,4
https://github.com/MonwF/customiuizer.git,2022-05-28T08:41:34Z,1166,30
https://github.com/19MisterX98/SeedcrackerX.git,2020-09-07T12:39:51Z,1165,25
https://github.com/davidohayon669/react-native-youtube.git,2015-06-30T10:23:38Z,1160,13
https://github.com/jenkinsci/jenkinsfile-runner.git,2018-02-24T23:56:01Z,1159,25
https://github.com/cesardeazevedo/react-native-bottom-sheet-behavior.git,2016-08-12T08:43:45Z,1157,17
https://github.com/mgarin/weblaf.git,2013-06-10T09:03:11Z,1157,17
https://github.com/lukeaschenbrenner/TxtNet-Browser.git,2022-03-22T22:50:34Z,1156,14
https://github.com/razerdp/FriendCircle.git,2016-02-09T15:51:46Z,1154,0
https://github.com/aaberg/sql2o.git,2011-05-18T21:13:57Z,1153,19
https://github.com/thyrlian/AwesomeValidation.git,2014-12-14T05:52:41Z,1150,0
https://github.com/thepranaygupta/Data-Structures-and-Algorithms.git,2021-04-03T09:46:17Z,1148,0
https://github.com/jarvis2f/telegram-files.git,2024-12-21T03:49:33Z,1145,17
https://github.com/SpongePowered/SpongeAPI.git,2014-09-07T20:39:25Z,1144,18
https://github.com/IbcAlpha/IBC.git,2018-02-08T19:33:05Z,1144,30
https://github.com/devSquad-study/2023-CS-Study.git,2022-12-29T15:41:21Z,1141,0
https://github.com/firesunCN/WechatEnhancement.git,2018-03-31T07:56:07Z,1140,11
https://github.com/SkriptLang/Skript.git,2016-03-08T13:42:04Z,1140,30
https://github.com/SpongePowered/SpongeForge.git,2014-09-08T00:01:33Z,1139,17
https://github.com/alipay/alipay-easysdk.git,2020-02-24T06:03:59Z,1139,0
https://github.com/SpencerPark/IJava.git,2017-10-08T04:42:46Z,1139,5
https://github.com/fit2cloud/riskscanner.git,2020-10-20T06:28:40Z,1138,14
https://github.com/yuriy-budiyev/code-scanner.git,2017-08-14T21:19:26Z,1135,30
https://github.com/jbake-org/jbake.git,2013-03-03T01:33:47Z,1132,23
https://github.com/objectionary/eo.git,2016-11-07T08:21:27Z,1129,30
https://github.com/feiniaojin/graceful-response.git,2021-11-14T07:36:43Z,1128,15
https://github.com/qupath/qupath.git,2016-08-28T14:31:41Z,1127,30
https://github.com/rstyro/Springboot.git,2017-07-25T09:20:32Z,1124,0
https://github.com/zxh0/classpy.git,2014-08-12T08:48:56Z,1121,7
https://github.com/twireapp/Twire.git,2019-03-24T12:12:09Z,1120,30
https://github.com/Smartproxy/Smartproxy.git,2019-01-07T13:05:34Z,1118,0
https://github.com/trekawek/coffee-gb.git,2017-01-06T12:38:41Z,1118,2
https://github.com/staltz/react-native-node.git,2017-08-01T14:29:11Z,1118,0
https://github.com/vrapper/vrapper.git,2010-07-13T20:15:53Z,1118,2
https://github.com/SilenceIM/Silence.git,2015-03-18T14:43:43Z,1117,0
https://github.com/ctongfei/progressbar.git,2015-02-09T19:16:21Z,1112,26
https://github.com/AntonioRedondo/AnotherMonitor.git,2015-03-26T23:58:09Z,1110,0
https://github.com/jamesisaac/react-native-background-task.git,2017-02-17T23:07:27Z,1108,3
https://github.com/javapackager/JavaPackager.git,2019-02-24T12:17:03Z,1106,30
https://github.com/ShawnLin013/NumberPicker.git,2016-06-12T18:51:06Z,1105,20
https://github.com/TwitchRecover/TwitchRecover.git,2020-11-28T00:28:07Z,1103,5
https://github.com/lucko/spark.git,2018-05-26T21:53:21Z,1102,0
https://github.com/actiontech/dble.git,2017-08-24T10:58:41Z,1101,30
https://github.com/abel533/ECharts.git,2014-09-19T12:32:26Z,1101,0
https://github.com/Arcticons-Team/Arcticons.git,2020-10-23T11:38:17Z,1098,30
https://github.com/wushuo894/ani-rss.git,2024-07-22T14:46:56Z,1097,18
https://github.com/gitlab4j/gitlab4j-api.git,2014-02-18T05:09:14Z,1096,30
https://github.com/PotoYang/spring-in-action-v5-translate.git,2019-07-31T08:51:23Z,1095,1
https://github.com/Earthcomputer/EnchantmentCracker.git,2018-04-01T16:33:55Z,1092,21
https://github.com/dmulloy2/ProtocolLib.git,2014-11-15T17:43:47Z,1090,19
https://github.com/Wurst-Imperium/Wurst7.git,2019-09-04T15:41:06Z,1083,0
https://github.com/iluwatar/30-seconds-of-java.git,2017-12-15T19:50:50Z,1083,0
https://github.com/UCodeUStory/S-MVP.git,2017-10-11T02:47:47Z,1083,1
https://github.com/GhostFlying/LocationReportEnabler.git,2014-11-14T13:28:32Z,1082,6
https://github.com/dybarsky/spots-dialog.git,2015-01-13T13:03:42Z,1080,0
https://github.com/todoroo/astrid.git,2010-05-22T20:26:39Z,1079,0
https://github.com/qiutiandefeng/yfexam-exam.git,2022-07-27T06:53:32Z,1078,0
https://github.com/microsoft/mssql-jdbc.git,2016-08-22T21:58:47Z,1077,30
https://github.com/alexjlockwood/adp-delightful-details.git,2016-11-04T14:23:35Z,1076,0
https://github.com/me-no-dev/EspExceptionDecoder.git,2016-01-28T10:20:53Z,1076,12
https://github.com/iiitv/algos.git,2017-03-08T16:49:57Z,1075,0
https://github.com/SimCoderYoutube/UberClone.git,2017-07-29T14:40:21Z,1072,0
https://github.com/badoualy/morphy-toolbar.git,2016-02-01T21:04:25Z,1072,6
https://github.com/uberspot/2048-android.git,2014-03-14T13:45:21Z,1071,0
https://github.com/wayn111/waynboot-mall.git,2020-04-25T08:34:27Z,1071,1
https://github.com/makejavas/EasyCode.git,2018-07-24T00:58:56Z,1070,9
https://github.com/briandilley/jsonrpc4j.git,2013-10-18T23:15:55Z,1069,1
https://github.com/parzulpan/livebox.git,2020-06-15T12:05:01Z,1069,0
https://github.com/TDuckCloud/tduck-platform.git,2019-12-11T10:13:45Z,1068,0
https://github.com/harjot-oberai/Long-Shadows.git,2018-01-27T13:39:35Z,1068,0
https://github.com/wzgiceman/RxjavaRetrofitDemo-master.git,2016-07-18T01:01:44Z,1061,0
https://github.com/hyphanet/fred.git,2009-04-25T01:00:27Z,1061,30
https://github.com/zhangyd-c/OneBlog.git,2018-04-10T01:11:57Z,1060,7
https://github.com/jordanbyron/react-native-quick-actions.git,2015-09-26T13:52:58Z,1054,22
https://github.com/tomthecarrot/arcore-for-all.git,2017-08-29T19:24:35Z,1052,0
https://github.com/yidao620c/SpringBootBucket.git,2018-03-04T09:46:49Z,1052,1
https://github.com/cprcrack/VideoEnabledWebView.git,2014-10-11T14:16:46Z,1050,0
https://github.com/zalando/problem-spring-web.git,2015-08-18T21:41:40Z,1048,30
https://github.com/Grover-c13/PokeGOAPI-Java.git,2016-07-16T19:35:42Z,1048,2
https://github.com/xiongwei-git/AndroidVideoPlayer.git,2015-08-04T11:28:00Z,1044,0
https://github.com/yangzongzhuan/RuoYi-Vue-fast.git,2020-07-19T01:54:06Z,1042,16
https://github.com/adolfintel/OpenPods.git,2019-03-12T08:14:22Z,1041,22
https://github.com/ervandew/eclim.git,2009-12-12T21:15:30Z,1040,8
https://github.com/LINBIT/linstor-server.git,2018-01-12T14:34:27Z,1038,30
https://github.com/CardboardPowered/cardboard.git,2020-05-07T06:19:16Z,1037,0
https://github.com/DiscordSRV/DiscordSRV.git,2016-01-10T03:38:10Z,1032,30
https://github.com/zhongjhATC/AlbumCameraRecorder.git,2018-08-14T10:05:47Z,1030,30
https://github.com/archimatetool/archi.git,2011-03-30T19:18:13Z,1029,0
https://github.com/yomorun/hashids-java.git,2014-04-18T01:45:57Z,1026,1
https://github.com/veracode-research/rogue-jndi.git,2019-11-13T18:11:16Z,1026,0
https://github.com/mcMMO-Dev/mcMMO.git,2012-01-05T18:54:08Z,1025,6
https://github.com/phimpme/phimpme-android-v1.git,2014-05-23T09:23:50Z,1025,0
https://github.com/SiGuiyang/spring-cloud-shop.git,2018-10-14T11:01:21Z,1023,0
https://github.com/blackbbc/Tucao.git,2017-01-14T16:54:50Z,1020,15
https://github.com/JackOfMostTrades/gadgetinspector.git,2018-08-09T20:32:38Z,1020,0
https://github.com/tyron12233/CodeAssist.git,2021-08-16T11:30:27Z,1019,26
https://github.com/AppiumTestDistribution/AppiumTestDistribution.git,2015-08-18T16:22:15Z,1017,30
https://github.com/re-zero001/LSPosed-Irena.git,2024-08-05T14:30:38Z,1016,1
https://github.com/iReaderAndroid/ZeusPlugin.git,2016-08-05T08:24:54Z,1016,0
https://github.com/NickstaDB/SerializationDumper.git,2017-08-13T00:07:36Z,1014,7
https://github.com/H07000223/FlycoSystemBar.git,2016-05-25T15:29:49Z,1012,0
https://github.com/CatimaLoyalty/Android.git,2019-11-22T10:15:20Z,1010,30
https://github.com/Slimefun/Slimefun4.git,2014-05-24T08:08:47Z,1008,30
https://github.com/booncol/Pulsator4Droid.git,2016-07-06T23:47:52Z,1001,0
https://github.com/broadinstitute/picard.git,2014-03-28T20:43:35Z,1001,30
https://github.com/payatu/diva-android.git,2016-01-15T07:26:48Z,997,0
https://github.com/fabienrenaud/java-json-benchmark.git,2016-06-27T15:46:11Z,994,0
https://github.com/gsh199449/spider.git,2016-11-24T01:48:03Z,994,6
https://github.com/featurecat/lizzie.git,2018-02-24T21:39:00Z,992,6
https://github.com/ShamylZakariya/FlyoutMenus.git,2016-07-06T15:10:42Z,992,3
https://github.com/Yink/Amadeus.git,2017-02-27T13:52:23Z,991,8
https://github.com/xoureldeen/Vectras-VM-Android.git,2023-11-08T00:09:36Z,991,5
https://github.com/react-native-cameraroll/react-native-cameraroll.git,2019-02-07T10:52:08Z,990,30
https://github.com/HamburgChimps/apple-notes-liberator.git,2023-03-26T00:54:17Z,989,19
https://github.com/Chion82/WeChatMomentStat-Android.git,2016-02-17T15:15:34Z,989,2
https://github.com/kordamp/bootstrapfx.git,2015-09-08T22:04:56Z,989,8
https://github.com/DragonetMC/DragonProxy.git,2016-07-29T10:19:05Z,987,19
https://github.com/lacuna/bifurcan.git,2016-07-25T22:42:40Z,986,0
https://github.com/mCodex/react-native-sensitive-info.git,2016-05-10T17:13:13Z,985,20
https://github.com/microsoft/HydraLab.git,2022-04-28T09:18:16Z,983,30
https://github.com/jd-alexander/Google-Directions-Android.git,2013-02-11T22:45:51Z,980,9
https://github.com/android-notes/androidScreenShare.git,2016-12-03T04:46:10Z,980,0
https://github.com/nordnet/cordova-hot-code-push.git,2015-07-22T07:27:35Z,979,0
https://github.com/vaycore/OneScan.git,2023-02-14T01:59:45Z,976,26
https://github.com/dodola/WeexOne.git,2016-06-09T13:13:02Z,974,0
https://github.com/goweii/WanAndroid.git,2019-05-18T14:31:46Z,974,30
https://github.com/codebutler/farebot.git,2011-01-25T07:46:58Z,969,0
https://github.com/patzly/grocy-android.git,2020-04-06T20:01:15Z,968,30
https://github.com/nextcloud/notes-android.git,2015-10-01T15:53:21Z,968,5
https://github.com/markusfisch/ShaderEditor.git,2013-06-02T21:12:59Z,966,30
https://github.com/pholser/junit-quickcheck.git,2010-10-18T22:33:36Z,965,0
https://github.com/GrapheneOS/Camera.git,2021-08-17T06:38:46Z,964,30
https://github.com/Slyce-Inc/SlyceMessaging.git,2016-07-11T22:31:43Z,964,10
https://github.com/Byron4j/CookBook.git,2018-10-16T03:16:19Z,962,4
https://github.com/MasayukiSuda/Mp4Composer-android.git,2018-01-15T11:27:23Z,960,23
https://github.com/omadahealth/SwipyRefreshLayout.git,2015-01-23T21:17:14Z,960,0
https://github.com/mitallast/diablo-js.git,2012-06-23T08:19:46Z,960,0
https://github.com/sylvainhalle/textidote.git,2018-06-11T18:03:31Z,959,17
https://github.com/mkpaz/atlantafx.git,2022-03-30T04:23:47Z,959,5
https://github.com/smltq/spring-boot-demo.git,2019-06-04T09:30:22Z,958,0
https://github.com/eowise/recyclerview-stickyheaders.git,2014-09-18T12:42:49Z,958,10
https://github.com/bennidi/mbassador.git,2012-10-23T07:27:32Z,957,1
https://github.com/zalando/nakadi.git,2015-10-14T08:30:17Z,956,30
https://github.com/fenjuly/ArrowDownloadButton.git,2015-08-13T11:21:56Z,956,0
https://github.com/CN-GuoZiyang/MYDB.git,2021-10-10T15:24:43Z,954,0
https://github.com/avishayil/react-native-restart.git,2016-07-17T06:11:54Z,953,8
https://github.com/openjdk/jol.git,2020-09-24T08:57:15Z,951,0
https://github.com/sukritishah15/DS-Algo-Point.git,2020-09-28T14:09:43Z,951,0
https://github.com/MaLeLabTs/RegexGenerator.git,2015-04-28T13:30:49Z,950,1
https://github.com/openkoda/openkoda.git,2023-04-18T09:43:28Z,950,0
https://github.com/Blankeer/MDWechat.git,2017-12-11T16:39:49Z,949,0
https://github.com/luaj/luaj.git,2015-08-27T13:51:27Z,948,2
https://github.com/Meituan-Dianping/Shield.git,2017-12-08T09:10:42Z,947,0
https://github.com/Gottox/socket.io-java-client.git,2011-12-23T00:51:23Z,947,0
https://github.com/XndroidDev/Xndroid.git,2017-10-28T06:14:26Z,945,12
https://github.com/exteraSquad/exteraGram.git,2021-11-23T18:16:11Z,943,26
https://github.com/kawhii/sso.git,2017-09-08T00:51:07Z,938,16
https://github.com/simon987/Much-Assembly-Required.git,2017-11-03T01:50:01Z,937,5
https://github.com/bardsoftware/ganttproject.git,2015-06-28T12:30:00Z,936,18
https://github.com/ifnoelse/pdf-bookmark.git,2017-02-26T18:45:51Z,930,8
https://github.com/fm-sys/snapdrop-android.git,2020-10-06T09:01:29Z,930,30
https://github.com/Carson-Ho/Search_Layout.git,2016-11-19T09:00:00Z,929,0
https://github.com/TaleLin/lin-cms-spring-boot.git,2020-02-09T15:20:55Z,929,4
https://github.com/linisme/SlimAdapter.git,2017-04-01T08:23:04Z,928,0
https://github.com/omnilaboratory/OBAndroid.git,2022-09-30T18:59:27Z,926,12
https://github.com/wmcmahan/react-native-calendar-events.git,2016-02-24T04:23:38Z,925,6
https://github.com/tianma8023/XposedSmsCode.git,2018-05-26T05:35:04Z,923,30
https://github.com/GraxCode/threadtear.git,2020-04-13T09:45:37Z,920,24
https://github.com/ReplayMod/ReplayMod.git,2016-11-11T18:29:33Z,919,0
https://github.com/Mpmart08/MusicPlayer.git,2015-10-18T22:37:22Z,919,5
https://github.com/blazegraph/database.git,2015-12-22T19:52:44Z,919,10
https://github.com/4pr0n/ripme.git,2014-02-26T03:30:50Z,918,29
https://github.com/xuxueli/xxl-api.git,2017-03-29T09:49:31Z,918,4
https://github.com/MangoAutomation/modbus4j.git,2014-06-10T23:10:27Z,918,1
https://github.com/Haehnchen/idea-php-symfony2-plugin.git,2013-04-07T16:25:16Z,916,0
https://github.com/ageerle/ruoyi-ai.git,2024-01-16T04:16:41Z,913,0
https://github.com/heruoxin/Clip-Stack.git,2014-12-14T16:20:42Z,912,0
https://github.com/gardncl/elements-of-programming-interviews.git,2017-04-05T22:46:33Z,911,16
https://github.com/jenly1314/AppUpdater.git,2018-06-29T09:58:03Z,911,24
https://github.com/zalando/problem.git,2015-07-25T23:03:12Z,910,24
https://github.com/jenkinsci/java-client-api.git,2012-11-16T18:47:12Z,906,0
https://github.com/mkuczera/react-native-haptic-feedback.git,2018-01-03T21:05:31Z,903,28
https://github.com/Maskhe/FastjsonScan.git,2020-08-31T03:07:44Z,902,1
https://github.com/VinylMusicPlayer/VinylMusicPlayer.git,2017-12-27T15:32:23Z,902,30
https://github.com/mediathekview/MediathekView.git,2014-08-16T13:55:41Z,900,0
https://github.com/essentials/Essentials.git,2011-05-19T22:15:08Z,898,4
https://github.com/VonChange/utao.git,2024-12-12T04:38:05Z,898,2
https://github.com/Hilaver/MockGPS.git,2018-09-04T04:57:16Z,897,0
https://github.com/neild001/SeekArc.git,2013-11-05T11:56:15Z,894,0
https://github.com/szvone/vmqApk.git,2019-02-10T03:12:11Z,892,11
https://github.com/dieforfree/qart4j.git,2016-02-25T02:42:02Z,888,1
https://github.com/superblaubeere27/obfuscator.git,2018-05-10T08:43:28Z,887,15
https://github.com/demantz/RFAnalyzer.git,2014-10-19T20:57:19Z,887,0
https://github.com/JetBrains/js-graphql-intellij-plugin.git,2015-12-13T15:22:27Z,886,30
https://github.com/TachibanaGeneralLaboratories/download-navi.git,2018-12-01T16:56:17Z,883,14
https://github.com/fenjuly/ToggleExpandLayout.git,2015-08-30T09:37:43Z,882,0
https://github.com/Cleveroad/MusicBobber.git,2016-03-04T08:12:23Z,882,0
https://github.com/houko/SpringBootUnity.git,2016-04-02T03:47:39Z,876,4
https://github.com/lovebing/react-native-baidu-map.git,2016-04-16T10:49:37Z,875,10
https://github.com/bigmeow/JWT.git,2016-04-12T04:10:13Z,875,1
https://github.com/OfficeDev/ews-java-api.git,2014-08-25T17:33:09Z,871,0
https://github.com/gaarason/database-all.git,2019-09-11T05:58:26Z,871,0
https://github.com/adonespitogo/AdoBot.git,2017-02-17T16:14:24Z,871,0
https://github.com/palatable/lambda.git,2014-01-26T22:09:10Z,870,0
https://github.com/smallnew/react-native-multibundler.git,2018-10-16T06:12:51Z,869,0
https://github.com/nccgroup/AutoRepeater.git,2017-12-15T21:09:41Z,869,0
https://github.com/PlaceholderAPI/PlaceholderAPI.git,2018-03-20T20:50:06Z,869,19
https://github.com/rememberber/WeSync.git,2017-03-01T09:24:56Z,866,0
https://github.com/JThink/SkyEye.git,2017-02-27T06:56:59Z,865,8
https://github.com/Maxwin-z/XListView-Android.git,2012-05-17T00:21:05Z,865,0
https://github.com/PlaytikaOSS/testcontainers-spring-boot.git,2017-10-22T19:17:46Z,863,30
https://github.com/Michaelvilleneuve/react-native-document-scanner.git,2017-06-23T07:11:35Z,862,8
https://github.com/chatty/chatty.git,2015-06-21T11:47:48Z,859,30
https://github.com/steve-community/steve.git,2013-09-05T12:31:46Z,859,30
https://github.com/xdmdcp/hospital.git,2020-02-01T08:52:48Z,859,1
https://github.com/DP-Hridayan/aShellYou.git,2024-01-23T21:55:08Z,857,30
https://github.com/zhanyongsheng/BrokenView.git,2016-01-06T14:49:25Z,855,0
https://github.com/AlmasB/FXGLGames.git,2015-12-29T11:24:49Z,854,1
https://github.com/qtc-de/remote-method-guesser.git,2019-11-04T11:37:38Z,854,19
https://github.com/stripe/stripe-java.git,2011-08-09T00:06:31Z,853,30
https://github.com/WorldQL/mammoth.git,2020-04-19T16:36:34Z,853,1
https://github.com/Andy671/Dachshund-Tab-Layout.git,2017-02-11T19:58:21Z,852,0
https://github.com/Rapsssito/react-native-background-actions.git,2020-01-14T18:59:19Z,851,24
https://github.com/LGH1996/TapClick.git,2020-02-09T15:25:45Z,851,30
https://github.com/tom-mohr/particle-life-app.git,2022-02-08T22:22:58Z,850,9
https://github.com/dromara/RuoYi-Cloud-Plus.git,2021-06-23T06:50:18Z,849,18
https://github.com/matburt/mobileorg-android.git,2009-12-09T02:12:45Z,849,9
https://github.com/niorgai/Android-Resource-Usage-Count.git,2017-07-31T16:05:44Z,848,0
https://github.com/chiteroman/BootloaderSpoofer.git,2023-09-18T15:12:07Z,848,8
https://github.com/espertechinc/esper.git,2015-04-06T16:21:10Z,848,24
https://github.com/bupticybee/TexasHoldemSolverJava.git,2019-10-28T05:40:16Z,847,2
https://github.com/nirhart/ParallaxScroll.git,2014-03-08T15:33:42Z,847,0
https://github.com/MDeLuise/plant-it.git,2023-05-19T15:50:42Z,846,25
https://github.com/eszdman/PhotonCamera.git,2019-09-07T22:03:02Z,844,13
https://github.com/gazbert/bxbot.git,2015-09-04T19:17:56Z,843,30
https://github.com/YiuChoi/MicroReader.git,2016-03-04T09:23:26Z,843,1
https://github.com/rampatra/Algorithms-and-Data-Structures-in-Java.git,2015-03-30T05:08:29Z,841,0
https://github.com/mahonelau/-kykms.git,2022-03-27T07:23:50Z,841,0
https://github.com/getrebuild/rebuild.git,2018-05-18T03:44:32Z,841,30
https://github.com/tangqi92/BuildingBlocks.git,2015-07-27T07:38:55Z,839,1
https://github.com/renyuneyun/Easer.git,2016-03-06T11:34:36Z,839,20
https://github.com/AnliaLee/BookPage.git,2017-10-20T04:15:11Z,836,0
https://github.com/GraxCode/JByteMod-Beta.git,2017-09-18T19:33:16Z,835,30
https://github.com/xdrop/fuzzywuzzy.git,2016-09-10T20:29:42Z,834,21
https://github.com/in28minutes/SpringMvcStepByStep.git,2015-12-23T13:09:44Z,834,0
https://github.com/moxi624/LearningNotes.git,2019-12-22T07:03:57Z,834,0
https://github.com/wenchaojiang/AndroidSwipeableCardStack.git,2014-11-16T00:44:56Z,832,7
https://github.com/adempiere/adempiere.git,2015-01-08T01:15:53Z,832,7
https://github.com/liuweijw/fw-cloud-framework.git,2018-01-31T16:35:41Z,832,0
https://github.com/widdix/aws-ec2-ssh.git,2016-04-10T14:31:09Z,829,17
https://github.com/canyie/Dreamland.git,2020-01-24T09:57:05Z,829,17
https://github.com/risesoft-y9/WorkFlow-Engine.git,2024-08-26T02:30:24Z,828,0
https://github.com/Nukkit/Nukkit.git,2015-05-23T09:51:41Z,827,0
https://github.com/kakajika/SwipeAwayDialog.git,2015-08-27T10:50:05Z,823,0
https://github.com/paulfitz/daff.git,2013-01-11T22:44:40Z,822,19
https://github.com/yermak/AudioBookConverter.git,2017-12-27T14:56:00Z,822,30
https://github.com/mezz/JustEnoughItems.git,2014-09-30T22:26:10Z,820,4
https://github.com/wangjs96/A-tutorial-compiler-written-in-Java.git,2022-07-11T11:52:20Z,818,0
https://github.com/yegor256/takes.git,2015-01-07T16:57:47Z,815,30
https://github.com/douglasjunior/android-simple-tooltip.git,2016-05-10T19:51:48Z,814,12
https://github.com/kakajika/RelativePopupWindow.git,2016-07-08T16:37:32Z,813,0
https://github.com/CN-GuoZiyang/My-RPC-Framework.git,2020-06-16T07:25:01Z,813,3
https://github.com/ac-pm/SSLUnpinning_Xposed.git,2015-10-09T05:05:11Z,813,0
https://github.com/pigshell/pigshell.git,2014-07-18T14:24:48Z,812,0
https://github.com/baoyongzhang/android-ActionSheet.git,2014-06-06T09:26:41Z,810,0
https://github.com/Fichardu/CircleProgress.git,2015-03-27T14:06:47Z,809,0
https://github.com/yidongnan/spring-cloud-netflix-example.git,2016-06-07T02:23:48Z,809,0
https://github.com/ViksaaSkool/AwesomeSplash.git,2015-09-28T00:50:07Z,806,0
https://github.com/ModelioOpenSource/Modelio.git,2020-09-03T09:57:05Z,805,7
https://github.com/fullstackreact/react-native-oauth.git,2016-06-22T07:22:57Z,805,0
https://github.com/apk-editor/APK-Explorer-Editor.git,2021-03-04T12:56:29Z,805,27
https://github.com/dianbaer/anychat.git,2017-10-23T07:13:26Z,804,1
https://github.com/mikemelon/java-exam.git,2016-11-10T08:33:01Z,801,0
https://github.com/mkyong/spring-boot.git,2019-02-01T08:26:19Z,799,0
https://github.com/segler-alex/RadioDroid.git,2013-01-13T13:59:17Z,798,30
https://github.com/SCADA-LTS/Scada-LTS.git,2016-07-06T15:00:08Z,797,30
https://github.com/aaronbond/Swipe-Deck.git,2015-12-24T04:46:54Z,797,6
https://github.com/PacktPublishing/Java-Coding-Problems.git,2019-02-26T11:25:49Z,796,0
https://github.com/michaelliao/itranswarp.git,2019-03-11T14:04:35Z,796,0
https://github.com/BanqiJane/Bilibili_Danmuji.git,2020-05-11T12:23:27Z,796,25
https://github.com/H07000223/FlycoRoundView.git,2015-10-26T01:50:39Z,796,1
https://github.com/daimajia/EverMemo.git,2013-09-25T03:19:27Z,795,0
https://github.com/structr/structr.git,2011-02-01T20:55:18Z,794,0
https://github.com/EdwardRaff/JSAT.git,2015-03-24T02:53:51Z,792,9
https://github.com/bfwg/springboot-jwt-starter.git,2016-10-30T00:00:47Z,791,1
https://github.com/androidmalin/RxjavaSample.git,2015-11-12T10:50:24Z,791,0
https://github.com/kohsuke/args4j.git,2011-06-17T16:17:14Z,790,0
https://github.com/mpiannucci/react-native-context-menu-view.git,2019-10-07T18:39:07Z,789,30
https://github.com/rieckpil/blog-tutorials.git,2018-06-02T07:25:24Z,789,0
https://github.com/bluemapleman/NewsRecommendSystem.git,2017-03-11T03:15:29Z,788,0
https://github.com/chandevel/Clover.git,2014-04-08T13:49:24Z,786,26
https://github.com/tlenclos/react-native-audio-streaming.git,2016-07-21T15:03:41Z,784,1
https://github.com/cpoopc/ScrollableLayout.git,2015-08-27T05:42:21Z,783,0
https://github.com/titansgroup/k4l-video-trimmer.git,2016-06-08T19:21:38Z,783,0
https://github.com/GeyserMC/MCProtocolLib.git,2012-08-13T01:57:38Z,782,17
https://github.com/DIY-green/AndroidStudyDemo.git,2016-02-19T22:10:58Z,781,0
https://github.com/bertsir/zBarLibary.git,2017-09-20T08:57:45Z,781,1
https://github.com/mrpkdeveloper/450-DSA-Questions.git,2021-04-11T04:14:35Z,780,0
https://github.com/zzhoujay/Markdown.git,2016-06-29T15:57:10Z,778,0
https://github.com/florent37/Depth.git,2017-03-02T15:27:00Z,778,1
https://github.com/prolificinteractive/ParallaxPager.git,2014-04-23T19:10:55Z,777,1
https://github.com/jonasoreland/runnerup.git,2012-11-27T18:47:48Z,777,30
https://github.com/Xin-Felix/Mango.git,2019-11-05T09:44:25Z,776,0
https://github.com/cckuailong/JNDI-Injection-Exploit-Plus.git,2022-07-18T03:43:56Z,776,16
https://github.com/alinz/react-native-share-extension.git,2016-06-13T20:00:30Z,774,1
https://github.com/6tail/lunar-java.git,2018-06-23T08:41:14Z,774,30
https://github.com/akhilkammila/leetcode-screenshotter.git,2023-06-02T16:24:50Z,773,0
https://github.com/neo4j-contrib/neo4j-graph-algorithms.git,2017-02-17T11:41:12Z,772,30
https://github.com/itdelatrisu/opsu.git,2014-06-30T02:14:50Z,772,23
https://github.com/rymcu/forest.git,2019-11-16T01:55:05Z,769,0
https://github.com/DoctorD1501/JAVMovieScraper.git,2014-07-27T17:57:22Z,769,30
https://github.com/joltup/react-native-threads.git,2017-09-16T20:30:28Z,768,0
https://github.com/HMCL-dev/HMCL-PE.git,2022-08-18T10:50:39Z,767,6
https://github.com/konifar/fab-transformation.git,2015-08-01T08:01:09Z,766,0
https://github.com/asLody/AndHook.git,2017-06-15T15:24:57Z,765,12
https://github.com/KyoriPowered/adventure.git,2017-02-01T17:21:28Z,765,29
https://github.com/Backblaze/JavaReedSolomon.git,2015-04-02T23:19:33Z,765,0
https://github.com/somta/Juggle.git,2022-11-30T15:32:07Z,764,8
https://github.com/Bakumon/StatusLayoutManager.git,2017-12-19T04:00:10Z,763,5
https://github.com/isevenluo/github-hosts.git,2021-04-27T13:40:00Z,763,0
https://github.com/gurkenlabs/litiengine.git,2017-04-11T14:33:26Z,763,24
https://github.com/nimengbo/StickerView.git,2015-09-22T10:27:34Z,763,1
https://github.com/oblador/react-native-store-review.git,2017-03-27T21:06:02Z,760,10
https://github.com/HimitZH/HOJ.git,2021-05-23T02:22:29Z,759,30
https://github.com/JOML-CI/JOML.git,2015-02-18T09:18:43Z,758,30
https://github.com/rahatarmanahmed/CircularProgressView.git,2014-11-17T18:20:38Z,757,0
https://github.com/tal-tech/conan.git,2021-03-02T03:10:47Z,755,0
https://github.com/BleachDev/BleachHack.git,2019-06-29T06:56:11Z,754,30
https://github.com/AChep/AcDisplay.git,2014-02-08T22:48:17Z,754,30
https://github.com/restfb/restfb.git,2011-09-11T03:06:54Z,753,30
https://github.com/nodebox/nodebox.git,2009-02-10T16:28:47Z,753,7
https://github.com/facebookincubator/Battery-Metrics.git,2017-09-22T19:43:14Z,752,0
https://github.com/Skythinker616/gpt-assistant-android.git,2023-09-13T03:08:40Z,750,19
https://github.com/ChHsiching/GitHub-Chinese-Top-Charts.git,2024-10-14T06:39:02Z,750,0
https://github.com/bravobit/FFmpeg-Android.git,2017-12-11T12:15:34Z,750,0
https://github.com/yegor256/cactoos.git,2017-05-23T16:00:02Z,749,30
https://github.com/vikeri/react-native-background-job.git,2016-12-15T15:59:10Z,749,16
https://github.com/Zettelkasten-Team/Zettelkasten.git,2014-03-19T09:41:40Z,747,6
https://github.com/pavsa/hackrf-spectrum-analyzer.git,2017-03-05T12:44:47Z,746,6
https://github.com/svlada/springboot-security-jwt.git,2016-08-03T08:54:30Z,743,0
https://github.com/kimxogus/react-native-version-check.git,2016-10-15T08:35:35Z,742,28
https://github.com/oschina/android-app.git,2012-08-13T04:09:20Z,742,0
https://github.com/qiujuer/UPMiss.git,2016-09-13T15:27:37Z,741,1
https://github.com/tozny/java-aes-crypto.git,2014-11-14T19:37:28Z,740,2
https://github.com/drtshock/Potato.git,2013-11-09T08:10:33Z,740,0
https://github.com/openkm/document-management-system.git,2016-07-11T10:25:35Z,739,10
https://github.com/nladuo/IoT-Firstep.git,2015-12-29T03:32:06Z,739,0
https://github.com/imkarl/CharacterPickerView.git,2015-11-11T09:19:05Z,738,9
https://github.com/Cleveroad/LoopBar.git,2016-05-20T14:11:01Z,737,0
https://github.com/zccbbg/wms-ruoyi.git,2022-11-06T05:31:39Z,736,0
